The Little Flowers,St. Francis of Assisi
The Prince,Niccolò Machiavelli
Divide Comedy,Dante Aighieri
Novelle,Franco Sacchetti
The Little Flowers,St. Francis of Assisi
The Prince,Niccolò Machiavelli
Divide Comedy,Dante Aighieri
Novelle,Franco Sacchetti
The Little Flowers,St. Francis of Assisi
The Prince,Niccolò Machiavelli
Divide Comedy,Dante Aighieri
Novelle,Franco Sacchetti
The Little Flowers,St. Francis of Assisi
The Prince,Niccolò Machiavelli
Divide Comedy,Dante Aighieri
Novelle,Franco Sacchetti
The Little Flowers,St. Francis of Assisi
The Prince,Niccolò Machiavelli
Divide Comedy,Dante Aighieri
Novelle,Franco Sacchetti
The Little Flowers,St. Francis of Assisi
The Prince,Niccolò Machiavelli
Divide Comedy,Dante Aighieri
Novelle,Franco Sacchetti
The Little Flowers,St. Francis of Assisi
The Prince,Niccolò Machiavelli
Divide Comedy,Dante Aighieri
Novelle,Franco Sacchetti
The Little Flowers,St. Francis of Assisi
The Prince,Niccolò Machiavelli
Divide Comedy,Dante Aighieri
Novelle,Franco Sacchetti
"Anthony and Cleopatra, Hamlet, Macbeth, Henry V",William Shakespeare
"Anthony and Cleopatra, Hamlet, Macbeth, Henry V",William Shakespeare
"Anthony and Cleopatra, Hamlet, Macbeth, Henry V",William Shakespeare
"Anthony and Cleopatra, Hamlet, Macbeth, Henry V",William Shakespeare
Icelandic sagas,
Icelandic sagas,
Icelandic sagas,
Icelandic sagas,
,Francis Bacon
,Francis Bacon
,Francis Bacon
,Francis Bacon